{
  "indexer": {
    "Indexer Informations": {
      "Is Active": "True",
      "File Reference": "",
      "File Type": "Workbook"
    },
    "Excel Table Informations": {
      "WorkSheet": "Feuil1",
      "Location Type": "Raw Table",
      "Has Headers": "True",
      "Starting Cell": "A18",
      "Table Filter": ""
    }
  },
  "fields": [
    {
      "Field Information": {
        "Facultative": "False",
        "Field Name": "nom_division",
        "Data Source": "From File",
        "Data Type": "Text"
      },
      "Default File Informations": {
        "File Reference": "",
        "File Data Location": "File Content",
        "Use Indexer": "False",
        "File Type": "Workbook"
      },
      "Excel Location Informations": {
        "WorkSheet": "Default Sheet",
        "Location Type": "Range",
        "Excel Range": "B1:B1",
        "Table Filter": ""
      },
      "Data Pre-Processing": {
        "Methods": []
      }
    },
    {
      "Field Information": {
        "Facultative": "False",
        "Field Name": "nom_distrib",
        "Data Source": "From File",
        "Data Type": "Text"
      },
      "Default File Informations": {
        "File Reference": "",
        "File Data Location": "File Content",
        "Use Indexer": "False",
        "File Type": "Workbook"
      },
      "Excel Location Informations": {
        "WorkSheet": "Default Sheet",
        "Location Type": "Range",
        "Excel Range": "B2:B2",
        "Table Filter": ""
      },
      "Data Pre-Processing": {
        "Methods": []
      }
    },
    {
      "Field Information": {
        "Facultative": "True",
        "Field Name": "nom_distrib_entrepot",
        "Data Source": "From File",
        "Data Type": "Text"
      },
      "Default File Informations": {
        "File Reference": "",
        "File Data Location": "File Content",
        "Use Indexer": "False",
        "File Type": "Workbook"
      },
      "Excel Location Informations": {
        "WorkSheet": "Default Sheet",
        "Location Type": "Range",
        "Excel Range": "B3:B3",
        "Table Filter": ""
      },
      "Data Pre-Processing": {
        "Methods": []
      }
    },
    {
      "Field Information": {
        "Facultative": "False",
        "Field Name": "ref_distrib",
        "Data Source": "From File",
        "Data Type": "Text"
      },
      "Default File Informations": {
        "File Reference": "",
        "File Data Location": "File Content",
        "Use Indexer": "False",
        "File Type": "Workbook"
      },
      "Excel Location Informations": {
        "WorkSheet": "Default Sheet",
        "Location Type": "Range",
        "Excel Range": "B4:B4",
        "Table Filter": ""
      },
      "Data Pre-Processing": {
        "Methods": []
      }
    },
    {
      "Field Information": {
        "Facultative": "True",
        "Field Name": "date_creation",
        "Data Source": "From File",
        "Data Type": "Date",
        "Date Format": "dd/MM/yyyy"
      },
      "Default File Informations": {
        "File Reference": "",
        "File Data Location": "File Content",
        "Use Indexer": "False",
        "File Type": "Workbook"
      },
      "Excel Location Informations": {
        "WorkSheet": "Default Sheet",
        "Location Type": "Range",
        "Excel Range": "B5:B5",
        "Table Filter": ""
      },
      "Data Pre-Processing": {
        "Methods": []
      }
    },
    {
      "Field Information": {
        "Facultative": "True",
        "Field Name": "date_contestation_maximal",
        "Data Source": "From File",
        "Data Type": "Date",
        "Date Format": "dd/MM/yyyy"
      },
      "Default File Informations": {
        "File Reference": "",
        "File Data Location": "File Content",
        "Use Indexer": "False",
        "File Type": "Workbook"
      },
      "Excel Location Informations": {
        "WorkSheet": "Default Sheet",
        "Location Type": "Range",
        "Excel Range": "B6:B6",
        "Table Filter": ""
      },
      "Data Pre-Processing": {
        "Methods": []
      }
    },
    {
      "Field Information": {
        "Facultative": "False",
        "Field Name": "source_penalite",
        "Data Source": "From File",
        "Data Type": "Text"
      },
      "Default File Informations": {
        "File Reference": "",
        "File Data Location": "File Content",
        "Use Indexer": "False",
        "File Type": "Workbook"
      },
      "Excel Location Informations": {
        "WorkSheet": "Default Sheet",
        "Location Type": "Range",
        "Excel Range": "B7:B7",
        "Table Filter": ""
      },
      "Data Pre-Processing": {
        "Methods": []
      }
    },
    {
      "Field Information": {
        "Facultative": "False",
        "Field Name": "num_avis",
        "Data Source": "From File",
        "Data Type": "Text"
      },
      "Default File Informations": {
        "File Reference": "",
        "File Data Location": "File Content",
        "Use Indexer": "False",
        "File Type": "Workbook"
      },
      "Excel Location Informations": {
        "WorkSheet": "Default Sheet",
        "Location Type": "Range",
        "Excel Range": "B8:B8",
        "Table Filter": ""
      },
      "Data Pre-Processing": {
        "Methods": []
      }
    },
    {
      "Field Information": {
        "Facultative": "False",
        "Field Name": "nom_penalite",
        "Data Source": "From File",
        "Data Type": "Text"
      },
      "Default File Informations": {
        "File Reference": "",
        "File Data Location": "File Content",
        "Use Indexer": "False",
        "File Type": "Workbook"
      },
      "Excel Location Informations": {
        "WorkSheet": "Default Sheet",
        "Location Type": "Range",
        "Excel Range": "B9:B9",
        "Table Filter": ""
      },
      "Data Pre-Processing": {
        "Methods": []
      }
    },
    {
      "Field Information": {
        "Facultative": "False",
        "Field Name": "etape",
        "Data Source": "From File",
        "Data Type": "Text"
      },
      "Default File Informations": {
        "File Reference": "",
        "File Data Location": "File Content",
        "Use Indexer": "False",
        "File Type": "Workbook"
      },
      "Excel Location Informations": {
        "WorkSheet": "Default Sheet",
        "Location Type": "Range",
        "Excel Range": "B10:B10",
        "Table Filter": ""
      },
      "Data Pre-Processing": {
        "Methods": []
      }
    },
    {
      "Field Information": {
        "Facultative": "True",
        "Field Name": "nom_contact_distrib",
        "Data Source": "From File",
        "Data Type": "Text"
      },
      "Default File Informations": {
        "File Reference": "",
        "File Data Location": "File Content",
        "Use Indexer": "False",
        "File Type": "Workbook"
      },
      "Excel Location Informations": {
        "WorkSheet": "Default Sheet",
        "Location Type": "Range",
        "Excel Range": "B11:B11",
        "Table Filter": ""
      },
      "Data Pre-Processing": {
        "Methods": []
      }
    },
    {
      "Field Information": {
        "Facultative": "False",
        "Field Name": "motif_client",
        "Data Source": "From File",
        "Data Type": "Text"
      },
      "Default File Informations": {
        "File Reference": "",
        "File Data Location": "File Content",
        "Use Indexer": "False",
        "File Type": "Workbook"
      },
      "Excel Location Informations": {
        "WorkSheet": "Default Sheet",
        "Location Type": "Range",
        "Excel Range": "B12:B12",
        "Table Filter": ""
      },
      "Data Pre-Processing": {
        "Methods": []
      }
    },
    {
      "Field Information": {
        "Facultative": "True",
        "Field Name": "sous_motif_client",
        "Data Source": "From File",
        "Data Type": "Text"
      },
      "Default File Informations": {
        "File Reference": "",
        "File Data Location": "File Content",
        "Use Indexer": "False",
        "File Type": "Workbook"
      },
      "Excel Location Informations": {
        "WorkSheet": "Default Sheet",
        "Location Type": "Range",
        "Excel Range": "B13:B13",
        "Table Filter": ""
      },
      "Data Pre-Processing": {
        "Methods": []
      }
    },
    {
      "Field Information": {
        "Facultative": "True",
        "Field Name": "motif_robot",
        "Data Source": "From File",
        "Data Type": "Text"
      },
      "Default File Informations": {
        "File Reference": "",
        "File Data Location": "File Content",
        "Use Indexer": "False",
        "File Type": "Workbook"
      },
      "Excel Location Informations": {
        "WorkSheet": "Default Sheet",
        "Location Type": "Range",
        "Excel Range": "B14:B14",
        "Table Filter": ""
      },
      "Data Pre-Processing": {
        "Methods": []
      }
    },
    {
      "Field Information": {
        "Facultative": "True",
        "Field Name": "GTIN13",
        "Data Source": "From File",
        "Data Type": "Text"
      },
      "Default File Informations": {
        "File Reference": "",
        "File Data Location": "File Content",
        "Use Indexer": "True",
        "Column Name": ""
      },
      "Data Pre-Processing": {
        "Methods": []
      }
    },
    {
      "Field Information": {
        "Facultative": "True",
        "Field Name": "GTIN14",
        "Data Source": "From File",
        "Data Type": "Text"
      },
      "Default File Informations": {
        "File Reference": "",
        "File Data Location": "File Content",
        "Use Indexer": "True",
        "Column Name": "GTIN 14"
      },
      "Data Pre-Processing": {
        "Methods": []
      }
    },
    {
      "Field Information": {
        "Facultative": "True",
        "Field Name": "transport_retard",
        "Data Source": "From File",
        "Data Type": "Text"
      },
      "Default File Informations": {
        "File Reference": "",
        "File Data Location": "File Content",
        "Use Indexer": "True",
        "Column Name": "Transport Retard"
      },
      "Data Pre-Processing": {
        "Methods": []
      }
    },
    {
      "Field Information": {
        "Facultative": "True",
        "Field Name": "montant_initial",
        "Data Source": "From File",
        "Data Type": "Text"
      },
      "Default File Informations": {
        "File Reference": "",
        "File Data Location": "File Content",
        "Use Indexer": "True",
        "Column Name": "Montant initial"
      },
      "Data Pre-Processing": {
        "Methods": []
      }
    },
    {
      "Field Information": {
        "Facultative": "True",
        "Field Name": "montant_initial_avis",
        "Data Source": "From File",
        "Data Type": "Text"
      },
      "Default File Informations": {
        "File Reference": "",
        "File Data Location": "File Content",
        "Use Indexer": "True",
        "Column Name": "Montant initial Avis"
      },
      "Data Pre-Processing": {
        "Methods": []
      }
    },
    {
      "Field Information": {
        "Facultative": "True",
        "Field Name": "DESADV",
        "Data Source": "From File",
        "Data Type": "Text"
      },
      "Default File Informations": {
        "File Reference": "",
        "File Data Location": "File Content",
        "Use Indexer": "True",
        "Column Name": "DESADV"
      },
      "Data Pre-Processing": {
        "Methods": []
      }
    },
    {
      "Field Information": {
        "Facultative": "True",
        "Field Name": "qte_commandee",
        "Data Source": "From File",
        "Data Type": "Text"
      },
      "Default File Informations": {
        "File Reference": "",
        "File Data Location": "File Content",
        "Use Indexer": "True",
        "Column Name": "Quantité Commandée"
      },
      "Data Pre-Processing": {
        "Methods": []
      }
    },
    {
      "Field Information": {
        "Facultative": "True",
        "Field Name": "qte_livree",
        "Data Source": "From File",
        "Data Type": "Text"
      },
      "Default File Informations": {
        "File Reference": "",
        "File Data Location": "File Content",
        "Use Indexer": "True",
        "Column Name": "Quantité Livrée"
      },
      "Data Pre-Processing": {
        "Methods": []
      }
    },
    {
      "Field Information": {
        "Facultative": "True",
        "Field Name": "qte_penurie",
        "Data Source": "From File",
        "Data Type": "Text"
      },
      "Default File Informations": {
        "File Reference": "",
        "File Data Location": "File Content",
        "Use Indexer": "True",
        "Column Name": "Quantité Pénurie"
      },
      "Data Pre-Processing": {
        "Methods": []
      }
    }
  ]
}