{
  "Files": [
    {
      "File Reference Informations": {
        "File Reference": "Default File",
        "Loop Through": "True",
        "File Type": "Workbook",
        "Table Reference": ""
      },
      "Excel Table Informations": {
        "WorkSheet": "Default Sheet",
        "Location Type": "Raw Table",
        "Has Headers": "True",
        "Starting Cell": "a22",
        "Table Filter": ""
      },
      "Editor Content": {
        "Images": [],
        "Field Name": "Default File"
      }
    }
  ],
  "Fields": [
    {
      "Field Information": {
        "Is Local": "False",
        "Allow Empty": "False",
        "Facultative": "False",
        "Field Name": "nom_division",
        "Data Source": "From File",
        "Data Type": "Text"
      },
      "Default File Informations": {
        "File Reference": "Default File",
        "File Data Location": "File Content",
        "Use Loop": "False",
        "File Type": "Workbook"
      },
      "Excel Location Informations": {
        "WorkSheet": "Default Sheet",
        "Location Type": "Range",
        "Excel Range": "B1:B1",
        "Table Filter": ""
      },
      "Data Pre-Processing": {
        "Methods": []
      },
      "Editor Content": {
        "Images": [],
        "Field Name": "Nom Division"
      }
    },
    {
      "Field Information": {
        "Is Local": "False",
        "Allow Empty": "False",
        "Facultative": "False",
        "Field Name": "nom_distrib",
        "Data Source": "From File",
        "Data Type": "Text"
      },
      "Default File Informations": {
        "File Reference": "Default File",
        "File Data Location": "File Content",
        "Use Loop": "False",
        "File Type": "Workbook"
      },
      "Excel Location Informations": {
        "WorkSheet": "Default Sheet",
        "Location Type": "Range",
        "Excel Range": "B2:B2",
        "Table Filter": ""
      },
      "Data Pre-Processing": {
        "Methods": []
      },
      "Editor Content": {
        "Images": [],
        "Field Name": "Nom Distributeur"
      }
    },
    {
      "Field Information": {
        "Is Local": "False",
        "Allow Empty": "False",
        "Facultative": "True",
        "Field Name": "nom_distrib_entrepot",
        "Data Source": "From File",
        "Data Type": "Text"
      },
      "Default File Informations": {
        "File Reference": "Default File",
        "File Data Location": "File Content",
        "Use Loop": "False",
        "File Type": "Workbook"
      },
      "Excel Location Informations": {
        "WorkSheet": "Default Sheet",
        "Location Type": "Range",
        "Excel Range": "B3:B3",
        "Table Filter": ""
      },
      "Data Pre-Processing": {
        "Methods": []
      },
      "Editor Content": {
        "Images": [],
        "Field Name": "Nom Entrepôt"
      }
    },
    {
      "Field Information": {
        "Is Local": "False",
        "Allow Empty": "False",
        "Facultative": "False",
        "Field Name": "ref_distrib",
        "Data Source": "From File",
        "Data Type": "Text"
      },
      "Default File Informations": {
        "File Reference": "Default File",
        "File Data Location": "File Content",
        "Use Loop": "False",
        "File Type": "Workbook"
      },
      "Excel Location Informations": {
        "WorkSheet": "Default Sheet",
        "Location Type": "Range",
        "Excel Range": "B4:B4",
        "Table Filter": ""
      },
      "Data Pre-Processing": {
        "Methods": []
      },
      "Editor Content": {
        "Images": [],
        "Field Name": "Référence Distribeur"
      }
    },
    {
      "Field Information": {
        "Is Local": "False",
        "Allow Empty": "False",
        "Facultative": "True",
        "Field Name": "date_creation",
        "Data Source": "From File",
        "Data Type": "Date",
        "Date Format": ""
      },
      "Default File Informations": {
        "File Reference": "Default File",
        "File Data Location": "File Content",
        "Use Loop": "False",
        "File Type": "Workbook"
      },
      "Excel Location Informations": {
        "WorkSheet": "Default Sheet",
        "Location Type": "Range",
        "Excel Range": "B5:B5",
        "Table Filter": ""
      },
      "Data Pre-Processing": {
        "Methods": []
      },
      "Editor Content": {
        "Images": [],
        "Field Name": "Date Création"
      }
    },
    {
      "Field Information": {
        "Is Local": "False",
        "Allow Empty": "False",
        "Facultative": "True",
        "Field Name": "date_contestation_maximal",
        "Data Source": "From File",
        "Data Type": "Date",
        "Date Format": ""
      },
      "Default File Informations": {
        "File Reference": "Default File",
        "File Data Location": "File Content",
        "Use Loop": "False",
        "File Type": "Workbook"
      },
      "Excel Location Informations": {
        "WorkSheet": "Default Sheet",
        "Location Type": "Range",
        "Excel Range": "B6:B6",
        "Table Filter": ""
      },
      "Data Pre-Processing": {
        "Methods": []
      },
      "Editor Content": {
        "Images": [],
        "Field Name": "Date Contestation Max"
      }
    },
    {
      "Field Information": {
        "Is Local": "False",
        "Allow Empty": "False",
        "Facultative": "False",
        "Field Name": "source_penalite",
        "Data Source": "Raw Value",
        "Raw Value": "Portail",
        "Data Type": "Text"
      },
      "Data Pre-Processing": {
        "Methods": []
      },
      "Editor Content": {
        "Images": [],
        "Field Name": "Source"
      }
    },
    {
      "Field Information": {
        "Is Local": "False",
        "Allow Empty": "False",
        "Facultative": "False",
        "Field Name": "num_avis",
        "Data Source": "From File",
        "Data Type": "Text"
      },
      "Default File Informations": {
        "File Reference": "Default File",
        "File Data Location": "File Content",
        "Use Loop": "False",
        "File Type": "Workbook"
      },
      "Excel Location Informations": {
        "WorkSheet": "Default Sheet",
        "Location Type": "Range",
        "Excel Range": "B8:B8",
        "Table Filter": ""
      },
      "Data Pre-Processing": {
        "Methods": []
      },
      "Editor Content": {
        "Images": [],
        "Field Name": "Numéro Avis"
      }
    },
    {
      "Field Information": {
        "Is Local": "False",
        "Allow Empty": "False",
        "Facultative": "False",
        "Field Name": "nom_penalite",
        "Data Source": "From File",
        "Data Type": "Text"
      },
      "Default File Informations": {
        "File Reference": "Default File",
        "File Data Location": "File Content",
        "Use Loop": "False",
        "File Type": "Workbook"
      },
      "Excel Location Informations": {
        "WorkSheet": "Default Sheet",
        "Location Type": "Range",
        "Excel Range": "B9:B9",
        "Table Filter": ""
      },
      "Data Pre-Processing": {
        "Methods": []
      },
      "Editor Content": {
        "Images": [],
        "Field Name": "Nom Pénalité"
      }
    },
    {
      "Field Information": {
        "Is Local": "False",
        "Allow Empty": "False",
        "Facultative": "False",
        "Field Name": "etape",
        "Data Source": "Raw Value",
        "Raw Value": "Nouveau",
        "Data Type": "Text"
      },
      "Data Pre-Processing": {
        "Methods": []
      },
      "Editor Content": {
        "Images": [],
        "Field Name": "Etape"
      }
    },
    {
      "Field Information": {
        "Is Local": "False",
        "Allow Empty": "False",
        "Facultative": "True",
        "Field Name": "nom_contact_distrib",
        "Data Source": "From File",
        "Data Type": "Text"
      },
      "Default File Informations": {
        "File Reference": "Default File",
        "File Data Location": "File Content",
        "Use Loop": "False",
        "File Type": "Workbook"
      },
      "Excel Location Informations": {
        "WorkSheet": "Default Sheet",
        "Location Type": "Range",
        "Excel Range": "B11:B11",
        "Table Filter": ""
      },
      "Data Pre-Processing": {
        "Methods": []
      },
      "Editor Content": {
        "Images": [],
        "Field Name": "Nom Contact"
      }
    },
    {
      "Field Information": {
        "Is Local": "False",
        "Allow Empty": "False",
        "Facultative": "False",
        "Field Name": "motif_client",
        "Data Source": "From File",
        "Data Type": "Text"
      },
      "Default File Informations": {
        "File Reference": "Default File",
        "File Data Location": "File Content",
        "Use Loop": "False",
        "File Type": "Workbook"
      },
      "Excel Location Informations": {
        "WorkSheet": "Default Sheet",
        "Location Type": "Range",
        "Excel Range": "B12:B12",
        "Table Filter": ""
      },
      "Data Pre-Processing": {
        "Methods": []
      },
      "Editor Content": {
        "Images": [],
        "Field Name": "Motif Client"
      }
    },
    {
      "Field Information": {
        "Is Local": "False",
        "Allow Empty": "False",
        "Facultative": "True",
        "Field Name": "sous_motif_client",
        "Data Source": "From File",
        "Data Type": "Text"
      },
      "Default File Informations": {
        "File Reference": "Default File",
        "File Data Location": "File Content",
        "Use Loop": "False",
        "File Type": "Workbook"
      },
      "Excel Location Informations": {
        "WorkSheet": "Default Sheet",
        "Location Type": "Range",
        "Excel Range": "B13:B13",
        "Table Filter": ""
      },
      "Data Pre-Processing": {
        "Methods": []
      },
      "Editor Content": {
        "Images": [],
        "Field Name": "Sous-Motif Client"
      }
    },
    {
      "Field Information": {
        "Is Local": "False",
        "Allow Empty": "False",
        "Facultative": "True",
        "Field Name": "motif_robot",
        "Data Source": "Code Specific"
      },
      "Editor Content": {
        "Images": [],
        "Field Name": "Motif Robot"
      }
    },
    {
      "Field Information": {
        "Is Local": "False",
        "Allow Empty": "False",
        "Facultative": "True",
        "Field Name": "GTIN13",
        "Data Source": "From File",
        "Data Type": "Text"
      },
      "Default File Informations": {
        "File Reference": "Default File",
        "File Data Location": "File Content",
        "Use Loop": "True",
        "Column Name": "GTIN 13"
      },
      "Data Pre-Processing": {
        "Methods": []
      },
      "Editor Content": {
        "Images": [],
        "Field Name": "GTIN 13"
      }
    },
    {
      "Field Information": {
        "Is Local": "False",
        "Allow Empty": "False",
        "Facultative": "True",
        "Field Name": "GTIN14",
        "Data Source": "From File",
        "Data Type": "Text"
      },
      "Default File Informations": {
        "File Reference": "Default File",
        "File Data Location": "File Content",
        "Use Loop": "True",
        "Column Name": "GTIN 14"
      },
      "Data Pre-Processing": {
        "Methods": []
      },
      "Editor Content": {
        "Images": [],
        "Field Name": "GTIN 14"
      }
    },
    {
      "Field Information": {
        "Is Local": "False",
        "Allow Empty": "False",
        "Facultative": "True",
        "Field Name": "montant_initial_article",
        "Data Source": "From File",
        "Data Type": "Decimal"
      },
      "Default File Informations": {
        "File Reference": "Default File",
        "File Data Location": "File Content",
        "Use Loop": "True",
        "Column Name": "Montant initial article"
      },
      "Data Pre-Processing": {
        "Methods": []
      },
      "Editor Content": {
        "Images": [],
        "Field Name": "Montant Initial"
      }
    },
    {
      "Field Information": {
        "Is Local": "False",
        "Allow Empty": "False",
        "Facultative": "True",
        "Field Name": "montant_initial_avis",
        "Data Source": "From File",
        "Data Type": "Text"
      },
      "Default File Informations": {
        "File Reference": "Default File",
        "File Data Location": "File Content",
        "Use Loop": "True",
        "Column Name": "Montant initial Avis"
      },
      "Data Pre-Processing": {
        "Methods": []
      },
      "Editor Content": {
        "Images": [],
        "Field Name": "Montant Initial Avis"
      }
    },
    {
      "Field Information": {
        "Is Local": "False",
        "Allow Empty": "False",
        "Facultative": "True",
        "Field Name": "DESADV",
        "Data Source": "From File",
        "Data Type": "Text"
      },
      "Default File Informations": {
        "File Reference": "Default File",
        "File Data Location": "File Content",
        "Use Loop": "True",
        "Column Name": "DESADV"
      },
      "Data Pre-Processing": {
        "Methods": []
      },
      "Editor Content": {
        "Images": [],
        "Field Name": "DESADV"
      }
    },
    {
      "Field Information": {
        "Is Local": "False",
        "Allow Empty": "False",
        "Facultative": "True",
        "Field Name": "qte_commandee",
        "Data Source": "From File",
        "Data Type": "Decimal"
      },
      "Default File Informations": {
        "File Reference": "Default File",
        "File Data Location": "File Content",
        "Use Loop": "True",
        "Column Name": "Quantité Commandée"
      },
      "Data Pre-Processing": {
        "Methods": []
      },
      "Editor Content": {
        "Images": [],
        "Field Name": "Qté commandée"
      }
    },
    {
      "Field Information": {
        "Is Local": "False",
        "Allow Empty": "False",
        "Facultative": "True",
        "Field Name": "qte_livree",
        "Data Source": "From File",
        "Data Type": "Decimal"
      },
      "Default File Informations": {
        "File Reference": "Default File",
        "File Data Location": "File Content",
        "Use Loop": "True",
        "Column Name": "Quantité Livrée"
      },
      "Data Pre-Processing": {
        "Methods": []
      },
      "Editor Content": {
        "Images": [],
        "Field Name": "Qté livrée"
      }
    },
    {
      "Field Information": {
        "Is Local": "False",
        "Allow Empty": "False",
        "Facultative": "True",
        "Field Name": "qte_penurie",
        "Data Source": "From File",
        "Data Type": "Decimal"
      },
      "Default File Informations": {
        "File Reference": "Default File",
        "File Data Location": "File Content",
        "Use Loop": "True",
        "Column Name": "Quantité Pénurie"
      },
      "Data Pre-Processing": {
        "Methods": []
      },
      "Editor Content": {
        "Images": [],
        "Field Name": "Qté Pénurie"
      }
    },
    {
      "Field Information": {
        "Is Local": "False",
        "Allow Empty": "False",
        "Facultative": "True",
        "Field Name": "date_livraison_prevue",
        "Data Source": "From File",
        "Data Type": "Date",
        "Date Format": ""
      },
      "Default File Informations": {
        "File Reference": "Default File",
        "File Data Location": "File Content",
        "Use Loop": "False",
        "File Type": "Workbook"
      },
      "Excel Location Informations": {
        "WorkSheet": "Default Sheet",
        "Location Type": "Range",
        "Excel Range": "B15:B15",
        "Table Filter": ""
      },
      "Data Pre-Processing": {
        "Methods": []
      },
      "Editor Content": {
        "Images": [],
        "Field Name": "Date Livraison Prévue"
      }
    },
    {
      "Field Information": {
        "Is Local": "False",
        "Allow Empty": "False",
        "Facultative": "True",
        "Field Name": "heure_livraison_prevue",
        "Data Source": "From File",
        "Data Type": "Date",
        "Date Format": ""
      },
      "Default File Informations": {
        "File Reference": "Default File",
        "File Data Location": "File Content",
        "Use Loop": "False",
        "File Type": "Workbook"
      },
      "Excel Location Informations": {
        "WorkSheet": "Default Sheet",
        "Location Type": "Range",
        "Excel Range": "B16:B16",
        "Table Filter": ""
      },
      "Data Pre-Processing": {
        "Methods": []
      },
      "Editor Content": {
        "Images": [],
        "Field Name": "Heure Livraison Prévue"
      }
    },
    {
      "Field Information": {
        "Is Local": "False",
        "Allow Empty": "False",
        "Facultative": "True",
        "Field Name": "date_livraison_reelle",
        "Data Source": "From File",
        "Data Type": "Date",
        "Date Format": ""
      },
      "Default File Informations": {
        "File Reference": "Default File",
        "File Data Location": "File Content",
        "Use Loop": "False",
        "File Type": "Workbook"
      },
      "Excel Location Informations": {
        "WorkSheet": "Default Sheet",
        "Location Type": "Range",
        "Excel Range": "B17:B17",
        "Table Filter": ""
      },
      "Data Pre-Processing": {
        "Methods": []
      },
      "Editor Content": {
        "Images": [],
        "Field Name": "Date Livraison Réelle"
      }
    },
    {
      "Field Information": {
        "Is Local": "False",
        "Allow Empty": "False",
        "Facultative": "True",
        "Field Name": "heure_livraison_reelle",
        "Data Source": "From File",
        "Data Type": "Date",
        "Date Format": ""
      },
      "Default File Informations": {
        "File Reference": "Default File",
        "File Data Location": "File Content",
        "Use Loop": "False",
        "File Type": "Workbook"
      },
      "Excel Location Informations": {
        "WorkSheet": "Default Sheet",
        "Location Type": "Range",
        "Excel Range": "B18:B18",
        "Table Filter": ""
      },
      "Data Pre-Processing": {
        "Methods": []
      },
      "Editor Content": {
        "Images": [],
        "Field Name": "Heure Livraison Réelle"
      }
    }
  ]
}